{"options":{"check_for_updates":true,"comment":null,"compatopts_for_requires":true,"compat_wrappedjsobject":false,"compat_metadata":false,"compat_foreach":false,"compat_prototypes":false,"compat_powerful_this":null,"noframes":null,"unwrap":null,"run_at":null,"tab_types":null,"override":{"merge_connects":true,"merge_excludes":true,"merge_includes":true,"merge_matches":true,"orig_connects":["https?://[\\S]+"],"orig_excludes":[],"orig_includes":["/^https?://www.baidu.com/.*/","/^https?://www.sogou.com/.*/","/^https?://\\w+.bing.com/.*/","/^https?://encrypted.google.[^\\/]+/","/^https?://www.google.[^\\/]+/"],"orig_matches":[],"orig_noframes":null,"orig_run_at":"document-idle","use_blockers":[],"use_connects":[],"use_excludes":[],"use_includes":[],"use_matches":[]}},"settings":{"enabled":true,"position":2},"meta":{"name":"AC-美化百度-谷歌-必应-搜狗搜索结果之Favicon的显示","uuid":"261347d3-5506-449c-b538-25eb4187e6e0","modified":1657166007984,"file_url":"https://greasyfork.org/scripts/18387-ac-%E7%BE%8E%E5%8C%96%E7%99%BE%E5%BA%A6-%E8%B0%B7%E6%AD%8C-%E5%BF%85%E5%BA%94-%E6%90%9C%E7%8B%97%E6%90%9C%E7%B4%A2%E7%BB%93%E6%9E%9C%E4%B9%8Bfavicon%E7%9A%84%E6%98%BE%E7%A4%BA/code/AC-%E7%BE%8E%E5%8C%96%E7%99%BE%E5%BA%A6-%E8%B0%B7%E6%AD%8C-%E5%BF%85%E5%BA%94-%E6%90%9C%E7%8B%97%E6%90%9C%E7%B4%A2%E7%BB%93%E6%9E%9C%E4%B9%8BFavicon%E7%9A%84%E6%98%BE%E7%A4%BA.user.js"}}