{"ts":1657245093932,"data":{"ghhprefs":"s{\"shownotc\":[\"N\",\"Show hit notices(Y|N)\"],\"mngpaneopen\":[\"Y-N\",\"Persistence enabled(Y|N),Pane was open(Y|N),Last tab number(1-4)\"],\"mngbtnstyle\":[\"both-ifrN-R-P-Y-H\",\"Display Manage Hiding button and Block buttons(mng|blk|both),In iframes(ifrN|ifrY),Position(R,T,B),Block button display(P,M),Block button tooltips(Y|N), Block button position(H|C)\"],\"addtolistpos\":[\"end\",\"Where to add new hits to block lists(end|top|sort)\"],\"aggressiveblock\":[\"none\",\"Which domains to default to shorter form(none|all|www)\"],\"usemutation\":[\"on-Y\",\"Listen for mutation events(on|off),Use DOM4 Mutation Observer(Y|N)\"],\"oneclick\":[\"Y-N\",\"One-click blocking(Y|N),Goes to Perma-ban(Y|N)\"],\"runbeta\":[\"N\",\"Enable incompletely tested features (Y|N)\"],\"reserved2\":[\"X\",\"Y\"]}","hideyhosts":"s|example.com:t|www.00791.com:t|www.icode9.com:t|.nor-src-wrap:t|.nor-src-wrap:t|.nor-src-wrap:t|www.icoa.cn:t|学习啦:t|学习啦:t|学习啦:t|学习啦:t|学习啦:t|学习啦:t|学习啦:t|学习啦:t|学习啦:t|学习啦:t|学习啦:t|博客园:t|博客园:t|博客园:t|博客园:t|博客园:t|博客园:t|博客园:t|脚本之家:t|脚本之家:t|脚本之家:t|脚本之家:t|达内:t|www.qianlima.com:t|s.wzktys.com:t|m.xinnet.com:t|www.qifengle.com:t|mdianhua.mapbar.com:t|www.51cmm.com:t|www.shangxueba.com:t|www.weikao.com:t|zhishi.shangxueba.com:t|学习啦:t|学习啦:t|学习啦:t|学习啦:t|学习啦:t|学习啦:t|学习啦:t|学习啦:t|学习啦:t|学习啦:t|学习啦:t|"}}