{"options":{"check_for_updates":true,"comment":null,"compatopts_for_requires":true,"compat_wrappedjsobject":false,"compat_metadata":false,"compat_foreach":false,"compat_prototypes":false,"compat_powerful_this":null,"noframes":null,"unwrap":null,"run_at":null,"tab_types":null,"override":{"use_includes":[],"orig_includes":[],"merge_includes":true,"use_matches":[],"orig_matches":["*://pan.baidu.com/disk/home*","*://yun.baidu.com/disk/home*","*://pan.baidu.com/disk/main*","*://yun.baidu.com/disk/main*","*://pan.baidu.com/s*","*://yun.baidu.com/s*","*://*.youku.com/*","*://*.iqiyi.com/*","*://*.iq.com/*","*://*.le.com/*","*://v.qq.com/*","*://m.v.qq.com/*","*://*.tudou.com/*","*://*.mgtv.com/*","*://tv.sohu.com/*","*://film.sohu.com/*","*://*.bilibili.com/*","*://*.pptv.com/*","*://item.taobao.com/*","*://chaoshi.detail.tmall.com/*","*://detail.tmall.com/*","*://detail.tmall.hk/*","*://item.jd.com/*","*://*.yiyaojd.com/*","*://*.liangxinyao.com/*","*://music.163.com/*","*://y.qq.com/*","*://*.kugou.com/*","*://*.kuwo.cn/*","*://*.ximalaya.com/*","*://*.zhihu.com/*","*://*.douyin.com/*","*://*.kuaishou.com/*","*://*.ixigua.com/*"],"merge_matches":true,"use_excludes":[],"orig_excludes":["*://*.zhmdy.top/*","*://*.eggvod.cn/*"],"merge_excludes":true,"use_connects":[],"orig_connects":["d.pcs.baidu.com","baidu.com","baidupcs.com","youxiaohou.com","localhost"],"merge_connects":true,"use_blockers":[],"orig_run_at":"document-body","orig_noframes":null}},"settings":{"enabled":true,"position":5},"meta":{"name":"全网VIP视频免费破解去广告、全网音乐直接下载、知乎增强、短视频无水印下载、百度网盘直接下载等多功能工具箱，功能可独立开关。长期更新，放心使用","uuid":"0ee8d5eb-7baf-4c59-bc9e-52a407516e21","modified":1657167471211,"file_url":"https://greasyfork.org/scripts/447287-%E5%85%A8%E7%BD%91vip%E8%A7%86%E9%A2%91%E5%85%8D%E8%B4%B9%E7%A0%B4%E8%A7%A3%E5%8E%BB%E5%B9%BF%E5%91%8A-%E5%85%A8%E7%BD%91%E9%9F%B3%E4%B9%90%E7%9B%B4%E6%8E%A5%E4%B8%8B%E8%BD%BD-%E7%9F%A5%E4%B9%8E%E5%A2%9E%E5%BC%BA-%E7%9F%AD%E8%A7%86%E9%A2%91%E6%97%A0%E6%B0%B4%E5%8D%B0%E4%B8%8B%E8%BD%BD-%E7%99%BE%E5%BA%A6%E7%BD%91%E7%9B%98%E7%9B%B4%E6%8E%A5%E4%B8%8B%E8%BD%BD%E7%AD%89%E5%A4%9A%E5%8A%9F%E8%83%BD%E5%B7%A5%E5%85%B7%E7%AE%B1-%E5%8A%9F%E8%83%BD%E5%8F%AF%E7%8B%AC%E7%AB%8B%E5%BC%80%E5%85%B3-%E9%95%BF%E6%9C%9F%E6%9B%B4%E6%96%B0-%E6%94%BE%E5%BF%83%E4%BD%BF%E7%94%A8/code/%E5%85%A8%E7%BD%91VIP%E8%A7%86%E9%A2%91%E5%85%8D%E8%B4%B9%E7%A0%B4%E8%A7%A3%E5%8E%BB%E5%B9%BF%E5%91%8A%E3%80%81%E5%85%A8%E7%BD%91%E9%9F%B3%E4%B9%90%E7%9B%B4%E6%8E%A5%E4%B8%8B%E8%BD%BD%E3%80%81%E7%9F%A5%E4%B9%8E%E5%A2%9E%E5%BC%BA%E3%80%81%E7%9F%AD%E8%A7%86%E9%A2%91%E6%97%A0%E6%B0%B4%E5%8D%B0%E4%B8%8B%E8%BD%BD%E3%80%81%E7%99%BE%E5%BA%A6%E7%BD%91%E7%9B%98%E7%9B%B4%E6%8E%A5%E4%B8%8B%E8%BD%BD%E7%AD%89%E5%A4%9A%E5%8A%9F%E8%83%BD%E5%B7%A5%E5%85%B7%E7%AE%B1%EF%BC%8C%E5%8A%9F%E8%83%BD%E5%8F%AF%E7%8B%AC%E7%AB%8B%E5%BC%80%E5%85%B3%E3%80%82%E9%95%BF%E6%9C%9F%E6%9B%B4%E6%96%B0%EF%BC%8C%E6%94%BE%E5%BF%83%E4%BD%BF%E7%94%A8.user.js"}}