{"options":{"check_for_updates":true,"comment":null,"compatopts_for_requires":true,"compat_wrappedjsobject":false,"compat_metadata":false,"compat_foreach":false,"compat_prototypes":false,"compat_powerful_this":null,"noframes":null,"unwrap":null,"run_at":null,"tab_types":null,"override":{"use_includes":[],"orig_includes":[],"merge_includes":true,"use_matches":[],"orig_matches":["*://*/*"],"merge_matches":true,"use_excludes":[],"orig_excludes":[],"merge_excludes":true,"use_connects":[],"orig_connects":[],"merge_connects":true,"use_blockers":[],"orig_run_at":"document-start","orig_noframes":null}},"settings":{"enabled":true,"position":6},"meta":{"name":"字体渲染（自用脚本）","uuid":"b476e02d-850f-4d93-ae20-539d71a260d9","modified":1657170082746,"file_url":"https://greasyfork.org/scripts/416688-%E5%AD%97%E4%BD%93%E6%B8%B2%E6%9F%93-%E8%87%AA%E7%94%A8%E8%84%9A%E6%9C%AC/code/%E5%AD%97%E4%BD%93%E6%B8%B2%E6%9F%93%EF%BC%88%E8%87%AA%E7%94%A8%E8%84%9A%E6%9C%AC%EF%BC%89.user.js"}}